,cola,mnli,mrpc,qnli,qqp,rte,sst2,stsb,wnli,average,new_average
bert-base-uncased_1_1,0.49416142552618536,0.83841059602649,0.8663962136578769,0.9088412959912137,0.8914885822933007,0.6498194945848376,0.9231651376146789,0.8806416271765107,0.4647887323943662,0.7686347894739399,0.8066155466088867
bert-base-uncased_3_1,0.12806728225067732,0.6852776362710138,0.7414174354396059,0.7829031667581915,0.8247276267730232,0.49097472924187724,0.819954128440367,0.4274758517163172,0.5633802816901409,0.6071309042868015,0.6125997321113841
bert-base-uncased_10_1,0.0,0.3544574630667346,0.7480253018237863,0.4946000366099213,0.7138023381060332,0.48736462093862815,0.6708715596330275,0.07234567466375869,0.5492957746478874,0.45452919660997515,0.4426833743552362
bert-base-uncased_5_1,0.0,0.6246561385634233,0.7602308665401645,0.6236500091524804,0.7311211290585995,0.5054151624548736,0.8222477064220184,0.23177499352293596,0.43661971830985913,0.526190636002706,0.5373870007143119
bert-base-uncased_18_1,0.0,0.31818644931227713,0.7480253018237863,0.5125388980413692,0.3159163987138264,0.5667870036101083,0.5091743119266054,0.05715083888626597,0.5492957746478874,0.397452775218014,0.3784724002892798
bert-base-uncased_0_1,0.567992317720224,0.8460519612837494,0.8702001633986929,0.9154310818231741,0.8949494585516449,0.6425992779783394,0.9277522935779816,0.8813178540790911,0.38028169014084506,0.7696195665059714,0.8182868010516122
bert-base-uncased_5_2,0.0,0.6482934284258788,0.7536605809260495,0.6143144792238696,0.734604329501101,0.48736462093862815,0.819954128440367,0.2160588469049638,0.4084507042253521,0.5203001242873566,0.5342813017951071
