quant	pt_var	pt_kl
product	0.5677560630810674	0.2857255671978534
additive	0.6961635817927132	0.3128907966638466
