quant	pt_var	pt_kl
product	0.4882939093770599	0.24541162183865178
additive	0.7453855368045968	0.31413647759486374
