quant	pt_var	pt_kl
product	0.5600573584401973	0.2693803214130567
additive	0.7375614536671364	0.3127666918345031
